<TextureAtlas imagePath="sheet.png">
	<SubTexture name="carRed1_000.png" x="33" y="462" width="32" height="22"/>
	<SubTexture name="carRed1_001.png" x="33" y="285" width="33" height="30"/>
	<SubTexture name="carRed1_002.png" x="33" y="407" width="32" height="26"/>
	<SubTexture name="carRed1_003.png" x="130" y="46" width="18" height="24"/>
	<SubTexture name="carRed1_004.png" x="65" y="467" width="32" height="27"/>
	<SubTexture name="carRed1_005.png" x="0" y="327" width="33" height="30"/>
	<SubTexture name="carRed1_006.png" x="66" y="99" width="32" height="22"/>
	<SubTexture name="carRed1_007.png" x="99" y="0" width="31" height="23"/>
	<SubTexture name="carRed1_008.png" x="33" y="382" width="32" height="25"/>
	<SubTexture name="carRed1_009.png" x="33" y="207" width="33" height="26"/>
	<SubTexture name="carRed1_010.png" x="98" y="314" width="31" height="23"/>
	<SubTexture name="carRed1_011.png" x="33" y="351" width="32" height="31"/>
	<SubTexture name="carRed1_012.png" x="35" y="0" width="32" height="23"/>
	<SubTexture name="carRed1_013.png" x="130" y="70" width="17" height="24"/>
	<SubTexture name="carRed1_014.png" x="0" y="456" width="33" height="22"/>
	<SubTexture name="carRed1_015.png" x="34" y="83" width="32" height="31"/>
	<SubTexture name="carRed2_000.png" x="33" y="433" width="32" height="29"/>
	<SubTexture name="carRed2_001.png" x="0" y="379" width="33" height="25"/>
	<SubTexture name="carRed2_002.png" x="130" y="146" width="17" height="22"/>
	<SubTexture name="carRed2_003.png" x="35" y="23" width="32" height="25"/>
	<SubTexture name="carRed2_004.png" x="65" y="438" width="32" height="29"/>
	<SubTexture name="carRed2_005.png" x="129" y="360" width="31" height="22"/>
	<SubTexture name="carRed2_006.png" x="129" y="487" width="31" height="24"/>
	<SubTexture name="carRed2_007.png" x="65" y="351" width="32" height="26"/>
	<SubTexture name="carRed2_008.png" x="35" y="48" width="32" height="25"/>
	<SubTexture name="carRed2_009.png" x="129" y="412" width="31" height="23"/>
	<SubTexture name="carRed2_010.png" x="129" y="382" width="31" height="30"/>
	<SubTexture name="carRed2_011.png" x="0" y="115" width="33" height="22"/>
	<SubTexture name="carRed2_012.png" x="130" y="192" width="17" height="22"/>
	<SubTexture name="carRed2_013.png" x="0" y="137" width="33" height="22"/>
	<SubTexture name="carRed2_014.png" x="129" y="435" width="31" height="30"/>
	<SubTexture name="carRed2_015.png" x="66" y="121" width="32" height="22"/>
	<SubTexture name="carRed3_000.png" x="66" y="195" width="32" height="30"/>
	<SubTexture name="carRed3_001.png" x="66" y="225" width="32" height="25"/>
	<SubTexture name="carRed3_002.png" x="130" y="268" width="17" height="23"/>
	<SubTexture name="carRed3_003.png" x="66" y="326" width="32" height="25"/>
	<SubTexture name="carRed3_004.png" x="67" y="31" width="32" height="29"/>
	<SubTexture name="carRed3_005.png" x="98" y="92" width="32" height="23"/>
	<SubTexture name="carRed3_006.png" x="130" y="0" width="31" height="23"/>
	<SubTexture name="carRed3_007.png" x="0" y="243" width="33" height="26"/>
	<SubTexture name="carRed3_008.png" x="66" y="299" width="32" height="27"/>
	<SubTexture name="carRed3_009.png" x="130" y="23" width="31" height="23"/>
	<SubTexture name="carRed3_010.png" x="98" y="193" width="32" height="30"/>
	<SubTexture name="carRed3_011.png" x="98" y="244" width="32" height="22"/>
	<SubTexture name="carRed3_012.png" x="130" y="94" width="17" height="24"/>
	<SubTexture name="carRed3_013.png" x="98" y="292" width="32" height="22"/>
	<SubTexture name="carRed3_014.png" x="98" y="115" width="32" height="30"/>
	<SubTexture name="carRed3_015.png" x="98" y="171" width="32" height="22"/>
	<SubTexture name="carRed4_000.png" x="97" y="405" width="32" height="26"/>
	<SubTexture name="carRed4_001.png" x="147" y="70" width="17" height="24"/>
	<SubTexture name="carRed4_002.png" x="98" y="145" width="32" height="26"/>
	<SubTexture name="carRed4_003.png" x="0" y="269" width="33" height="32"/>
	<SubTexture name="carRed4_004.png" x="0" y="357" width="33" height="22"/>
	<SubTexture name="carRed4_005.png" x="129" y="314" width="31" height="22"/>
	<SubTexture name="carRed4_006.png" x="0" y="478" width="33" height="27"/>
	<SubTexture name="carRed4_007.png" x="98" y="266" width="32" height="26"/>
	<SubTexture name="carRed4_008.png" x="129" y="465" width="31" height="22"/>
	<SubTexture name="carRed4_009.png" x="33" y="176" width="33" height="31"/>
	<SubTexture name="carRed4_010.png" x="0" y="190" width="33" height="21"/>
	<SubTexture name="carRed4_011.png" x="130" y="168" width="17" height="24"/>
	<SubTexture name="carRed4_012.png" x="98" y="223" width="32" height="21"/>
	<SubTexture name="carRed4_013.png" x="98" y="60" width="32" height="32"/>
	<SubTexture name="carRed4_014.png" x="33" y="233" width="33" height="21"/>
	<SubTexture name="carRed4_015.png" x="33" y="254" width="33" height="31"/>
	<SubTexture name="carRed5_000.png" x="66" y="275" width="32" height="24"/>
	<SubTexture name="carRed5_001.png" x="33" y="147" width="33" height="29"/>
	<SubTexture name="carRed5_002.png" x="97" y="484" width="32" height="22"/>
	<SubTexture name="carRed5_003.png" x="129" y="336" width="31" height="24"/>
	<SubTexture name="carRed5_004.png" x="97" y="457" width="32" height="27"/>
	<SubTexture name="carRed5_005.png" x="97" y="431" width="32" height="26"/>
	<SubTexture name="carRed5_006.png" x="99" y="23" width="31" height="23"/>
	<SubTexture name="carRed5_007.png" x="97" y="373" width="32" height="32"/>
	<SubTexture name="carRed5_008.png" x="97" y="351" width="32" height="22"/>
	<SubTexture name="carRed5_009.png" x="130" y="214" width="17" height="24"/>
	<SubTexture name="carRed5_010.png" x="0" y="404" width="33" height="22"/>
	<SubTexture name="carRed5_011.png" x="67" y="0" width="32" height="31"/>
	<SubTexture name="carRed5_012.png" x="66" y="173" width="32" height="22"/>
	<SubTexture name="carRed5_013.png" x="0" y="426" width="33" height="30"/>
	<SubTexture name="carRed5_014.png" x="66" y="250" width="32" height="25"/>
	<SubTexture name="carRed5_015.png" x="130" y="291" width="17" height="23"/>
	<SubTexture name="carRed6_000.png" x="0" y="159" width="33" height="31"/>
	<SubTexture name="carRed6_001.png" x="130" y="118" width="17" height="28"/>
	<SubTexture name="carRed6_002.png" x="66" y="143" width="32" height="30"/>
	<SubTexture name="carRed6_003.png" x="0" y="0" width="35" height="32"/>
	<SubTexture name="carRed6_004.png" x="0" y="301" width="33" height="26"/>
	<SubTexture name="carRed6_005.png" x="66" y="73" width="32" height="26"/>
	<SubTexture name="carRed6_006.png" x="0" y="211" width="33" height="32"/>
	<SubTexture name="carRed6_007.png" x="33" y="115" width="33" height="32"/>
	<SubTexture name="carRed6_008.png" x="65" y="412" width="32" height="26"/>
	<SubTexture name="carRed6_009.png" x="65" y="377" width="32" height="35"/>
	<SubTexture name="carRed6_010.png" x="0" y="57" width="35" height="26"/>
	<SubTexture name="carRed6_011.png" x="130" y="238" width="17" height="30"/>
	<SubTexture name="carRed6_012.png" x="0" y="32" width="35" height="25"/>
	<SubTexture name="carRed6_013.png" x="33" y="315" width="33" height="36"/>
	<SubTexture name="carRed6_014.png" x="33" y="484" width="32" height="25"/>
	<SubTexture name="carRed6_015.png" x="0" y="83" width="34" height="32"/>
</TextureAtlas>